Date,Title
13 de agosto 2020,Vuelos a Miami flex con valija a partir de AR$ 42.251 desde Bs. As.
13 de agosto 2020,"Nueva York en Junio 2021, flex y con equipaje a partir de AR$ 50.972 + opción directo"
14 de agosto 2020,Aruba flex y con valijas a partir de AR$ 56.027 en diciembre desde Bs. As.
14 de agosto 2020,Habrá que sacar turno para ir a la playa en Río de Janeiro
13 de agosto 2020,Se postergan los viajes de egresados de Bariloche para el verano
13 de agosto 2020,Hasta AR$ 7.000 de descuento + 3 cuotas sin interés en paquetes internacionales
13 de agosto 2020,¿Dónde me hospedo en Ushuaia?
13 de agosto 2020,$2.000 de descuento + 3 cuotas sin interés en alquiler de autos
13 de agosto 2020,Venecia a partir de AR$ 37.298 desde San Pablo con regreso desde Roma a Bs. As.
13 de agosto 2020,Paquete a San Andrés en verano a partir de AR$ 68.658 desde Bs. As.
13 de agosto 2020,6 cuotas sin interés en alojamientos internacionales
13 de agosto 2020,Los imperdibles de Bariloche: Qué hacer y cuándo viajar
13 de agosto 2020,Vuelos a Miami con valija a partir de AR$ 46.561 desde Mendoza
13 de agosto 2020,Cartagena de Indias en verano a partir de AR$ 35.632 desde Bs. As.
13 de agosto 2020,Vuelos flexibles a Isla de San Andrés en verano a partir de AR$ 35.059 desde Bs. As.
13 de agosto 2020,¿Dónde me hospedo y que hago en Nueva York?
